category,total_sales,average_sales,total_orders
Clothing,2530.0,421.6666666666667,6
Electronics,13000.0,1857.142857142857,7
Furniture,3810.0,544.2857142857143,7
